Workbook

Sheet Verbrauch
A1: Stromverbrauch – Stundenübersicht | H1: Hinweise 1. Bitte nur die Spalte "Verbrauch (kWh)" ausfüllen. 2. Tarif und Kosten werden automatisch berechnet. 3. Die Vorlage ist stündlich von 05.11.2025 bis 31.12.2027 vorbereitet. 4. Falls du später weitere Tage/Wochen/Monate brauchst: die letzten 24 Zeilen nach unten kopieren. Datum und Stunde laufen per Formel weiter.
A3: Gesamtverbrauch (kWh) | B3: =SUM(C9:C18896) -> 0 | D3: Gesamtkosten inkl. Grundpreis (€) | E3: =SUM(Monatsübersicht!$C$5:$C$30) -> 0
A4: Durchschnittspreis gesamt (ct/kWh) | B4: =IFERROR(E3/B3*100,"") | D4: Erfasste Stunden | E4: =COUNT(C9:C18896) -> 0
A8: Datum | B8: Stunde | C8: Verbrauch (kWh) | D8: Tarif (ct/kWh) | E8: Kosten (€) | F8: Tariftyp
A9: =Einstellungen!$B$5+INT((ROW()-9)/24) -> 45966 | B9: =MOD(ROW()-9,24) -> 0 | D9: =IF(B9<5,Einstellungen!$B$3,Einstellungen!$B$4) -> 15.92 | E9: =IF(C9="","",C9*D9/100) | F9: =IF(B9<5,"Go","Standard") -> Go
A10: =Einstellungen!$B$5+INT((ROW()-9)/24) -> 45966 | B10: =MOD(ROW()-9,24) -> 1 | D10: =IF(B10<5,Einstellungen!$B$3,Einstellungen!$B$4) -> 15.92 | E10: =IF(C10="","",C10*D10/100) | F10: =IF(B10<5,"Go","Standard") -> Go
A11: =Einstellungen!$B$5+INT((ROW()-9)/24) -> 45966 | B11: =MOD(ROW()-9,24) -> 2 | D11: =IF(B11<5,Einstellungen!$B$3,Einstellungen!$B$4) -> 15.92 | E11: =IF(C11="","",C11*D11/100) | F11: =IF(B11<5,"Go","Standard") -> Go
A12: =Einstellungen!$B$5+INT((ROW()-9)/24) -> 45966 | B12: =MOD(ROW()-9,24) -> 3 | D12: =IF(B12<5,Einstellungen!$B$3,Einstellungen!$B$4) -> 15.92 | E12: =IF(C12="","",C12*D12/100) | F12: =IF(B12<5,"Go","Standard") -> Go
A13: =Einstellungen!$B$5+INT((ROW()-9)/24) -> 45966 | B13: =MOD(ROW()-9,24) -> 4 | D13: =IF(B13<5,Einstellungen!$B$3,Einstellungen!$B$4) -> 15.92 | E13: =IF(C13="","",C13*D13/100) | F13: =IF(B13<5,"Go","Standard") -> Go
A14: =Einstellungen!$B$5+INT((ROW()-9)/24) -> 45966 | B14: =MOD(ROW()-9,24) -> 5 | D14: =IF(B14<5,Einstellungen!$B$3,Einstellungen!$B$4) -> 29.13 | E14: =IF(C14="","",C14*D14/100) | F14: =IF(B14<5,"Go","Standard") -> Standard
A15: =Einstellungen!$B$5+INT((ROW()-9)/24) -> 45966 | B15: =MOD(ROW()-9,24) -> 6 | D15: =IF(B15<5,Einstellungen!$B$3,Einstellungen!$B$4) -> 29.13 | E15: =IF(C15="","",C15*D15/100) | F15: =IF(B15<5,"Go","Standard") -> Standard
A16: =Einstellungen!$B$5+INT((ROW()-9)/24) -> 45966 | B16: =MOD(ROW()-9,24) -> 7 | D16: =IF(B16<5,Einstellungen!$B$3,Einstellungen!$B$4) -> 29.13 | E16: =IF(C16="","",C16*D16/100) | F16: =IF(B16<5,"Go","Standard") -> Standard
A17: =Einstellungen!$B$5+INT((ROW()-9)/24) -> 45966 | B17: =MOD(ROW()-9,24) -> 8 | D17: =IF(B17<5,Einstellungen!$B$3,Einstellungen!$B$4) -> 29.13 | E17: =IF(C17="","",C17*D17/100) | F17: =IF(B17<5,"Go","Standard") -> Standard
A18: =Einstellungen!$B$5+INT((ROW()-9)/24) -> 45966 | B18: =MOD(ROW()-9,24) -> 9 | D18: =IF(B18<5,Einstellungen!$B$3,Einstellungen!$B$4) -> 29.13 | E18: =IF(C18="","",C18*D18/100) | F18: =IF(B18<5,"Go","Standard") -> Standard
A19: =Einstellungen!$B$5+INT((ROW()-9)/24) -> 45966 | B19: =MOD(ROW()-9,24) -> 10 | D19: =IF(B19<5,Einstellungen!$B$3,Einstellungen!$B$4) -> 29.13 | E19: =IF(C19="","",C19*D19/100) | F19: =IF(B19<5,"Go","Standard") -> Standard
A20: =Einstellungen!$B$5+INT((ROW()-9)/24) -> 45966 | B20: =MOD(ROW()-9,24) -> 11 | D20: =IF(B20<5,Einstellungen!$B$3,Einstellungen!$B$4) -> 29.13 | E20: =IF(C20="","",C20*D20/100) | F20: =IF(B20<5,"Go","Standard") -> Standard
... A18896: =Einstellungen!$B$5+INT((ROW()-9)/24) -> 46752 | B18896: =MOD(ROW()-9,24) -> 23 | D18896: =IF(B18896<5,Einstellungen!$B$3,Einstellungen!$B$4) -> 29.13 | E18896: =IF(C18896="","",C18896*D18896/100) | F18896: =IF(B18896<5,"Go","Standard") -> Standard

Sheet Einstellungen
A1: Tarif-Einstellungen
A3: Tarif Go 00:00-04:59 (ct/kWh) | B3: 15.92
A4: Tarif Standard 05:00-23:59 (ct/kWh) | B4: 29.13
A5: Startdatum | B5: 45966
A6: Enddatum der Vorlage | B6: 46752
A7: Grundpreis pro Monat (€) | B7: 15.94
A8: Tipp | B8: Wenn sich Tarif oder Grundpreis ändern, nur B3/B4/B7 anpassen.

Sheet Tagesübersicht
A1: Tagesübersicht
A2: Automatische Tagesauswertung basierend auf den stündlichen Eingaben im Blatt "Verbrauch". Trage im Blatt "Verbrauch" nur die stündlichen kWh ein; diese Übersicht berechnet sich automatisch.
A4: Datum | B4: Nächster Tag | C4: Verbrauch gesamt (kWh) | D4: davon Go (kWh) | E4: davon Standard (kWh) | F4: Kosten gesamt (€) | G4: Ø Preis (ct/kWh) | H4: Erfasste Stunden
A5: 45966 | B5: 45967 | C5: =SUMIFS(Verbrauch!$C$9:$C$18896,Verbrauch!$A$9:$A$18896,">="&A5,Verbrauch!$A$9:$A$18896,"<"&B5) -> 0 | D5: =SUMIFS(Verbrauch!$C$9:$C$18896,Verbrauch!$A$9:$A$18896,">="&A5,Verbrauch!$A$9:$A$18896,"<"&B5,Verbrauch!$F$9:$F$18896,"Go") -> 0 | E5: =SUMIFS(Verbrauch!$C$9:$C$18896,Verbrauch!$A$9:$A$18896,">="&A5,Verbrauch!$A$9:$A$18896,"<"&B5,Verbrauch!$F$9:$F$18896,"Standard") -> 0 | F5: =SUMIFS(Verbrauch!$E$9:$E$18896,Verbrauch!$A$9:$A$18896,">="&A5,Verbrauch!$A$9:$A$18896,"<"&B5) -> 0 | G5: =IFERROR(F5/C5*100,"") | H5: =COUNTIFS(Verbrauch!$A$9:$A$18896,">="&A5,Verbrauch!$A$9:$A$18896,"<"&B5,Verbrauch!$C$9:$C$18896,"<>") -> 0
A6: 45967 | B6: 45968 | C6: =SUMIFS(Verbrauch!$C$9:$C$18896,Verbrauch!$A$9:$A$18896,">="&A6,Verbrauch!$A$9:$A$18896,"<"&B6) -> 0 | D6: =SUMIFS(Verbrauch!$C$9:$C$18896,Verbrauch!$A$9:$A$18896,">="&A6,Verbrauch!$A$9:$A$18896,"<"&B6,Verbrauch!$F$9:$F$18896,"Go") -> 0 | E6: =SUMIFS(Verbrauch!$C$9:$C$18896,Verbrauch!$A$9:$A$18896,">="&A6,Verbrauch!$A$9:$A$18896,"<"&B6,Verbrauch!$F$9:$F$18896,"Standard") -> 0 | F6: =SUMIFS(Verbrauch!$E$9:$E$18896,Verbrauch!$A$9:$A$18896,">="&A6,Verbrauch!$A$9:$A$18896,"<"&B6) -> 0 | G6: =IFERROR(F6/C6*100,"") | H6: =COUNTIFS(Verbrauch!$A$9:$A$18896,">="&A6,Verbrauch!$A$9:$A$18896,"<"&B6,Verbrauch!$C$9:$C$18896,"<>") -> 0
A7: 45968 | B7: 45969 | C7: =SUMIFS(Verbrauch!$C$9:$C$18896,Verbrauch!$A$9:$A$18896,">="&A7,Verbrauch!$A$9:$A$18896,"<"&B7) -> 0 | D7: =SUMIFS(Verbrauch!$C$9:$C$18896,Verbrauch!$A$9:$A$18896,">="&A7,Verbrauch!$A$9:$A$18896,"<"&B7,Verbrauch!$F$9:$F$18896,"Go") -> 0 | E7: =SUMIFS(Verbrauch!$C$9:$C$18896,Verbrauch!$A$9:$A$18896,">="&A7,Verbrauch!$A$9:$A$18896,"<"&B7,Verbrauch!$F$9:$F$18896,"Standard") -> 0 | F7: =SUMIFS(Verbrauch!$E$9:$E$18896,Verbrauch!$A$9:$A$18896,">="&A7,Verbrauch!$A$9:$A$18896,"<"&B7) -> 0 | G7: =IFERROR(F7/C7*100,"") | H7: =COUNTIFS(Verbrauch!$A$9:$A$18896,">="&A7,Verbrauch!$A$9:$A$18896,"<"&B7,Verbrauch!$C$9:$C$18896,"<>") -> 0
A8: 45969 | B8: 45970 | C8: =SUMIFS(Verbrauch!$C$9:$C$18896,Verbrauch!$A$9:$A$18896,">="&A8,Verbrauch!$A$9:$A$18896,"<"&B8) -> 0 | D8: =SUMIFS(Verbrauch!$C$9:$C$18896,Verbrauch!$A$9:$A$18896,">="&A8,Verbrauch!$A$9:$A$18896,"<"&B8,Verbrauch!$F$9:$F$18896,"Go") -> 0 | E8: =SUMIFS(Verbrauch!$C$9:$C$18896,Verbrauch!$A$9:$A$18896,">="&A8,Verbrauch!$A$9:$A$18896,"<"&B8,Verbrauch!$F$9:$F$18896,"Standard") -> 0 | F8: =SUMIFS(Verbrauch!$E$9:$E$18896,Verbrauch!$A$9:$A$18896,">="&A8,Verbrauch!$A$9:$A$18896,"<"&B8) -> 0 | G8: =IFERROR(F8/C8*100,"") | H8: =COUNTIFS(Verbrauch!$A$9:$A$18896,">="&A8,Verbrauch!$A$9:$A$18896,"<"&B8,Verbrauch!$C$9:$C$18896,"<>") -> 0
A9: 45970 | B9: 45971 | C9: =SUMIFS(Verbrauch!$C$9:$C$18896,Verbrauch!$A$9:$A$18896,">="&A9,Verbrauch!$A$9:$A$18896,"<"&B9) -> 0 | D9: =SUMIFS(Verbrauch!$C$9:$C$18896,Verbrauch!$A$9:$A$18896,">="&A9,Verbrauch!$A$9:$A$18896,"<"&B9,Verbrauch!$F$9:$F$18896,"Go") -> 0 | E9: =SUMIFS(Verbrauch!$C$9:$C$18896,Verbrauch!$A$9:$A$18896,">="&A9,Verbrauch!$A$9:$A$18896,"<"&B9,Verbrauch!$F$9:$F$18896,"Standard") -> 0 | F9: =SUMIFS(Verbrauch!$E$9:$E$18896,Verbrauch!$A$9:$A$18896,">="&A9,Verbrauch!$A$9:$A$18896,"<"&B9) -> 0 | G9: =IFERROR(F9/C9*100,"") | H9: =COUNTIFS(Verbrauch!$A$9:$A$18896,">="&A9,Verbrauch!$A$9:$A$18896,"<"&B9,Verbrauch!$C$9:$C$18896,"<>") -> 0
A10: 45971 | B10: 45972 | C10: =SUMIFS(Verbrauch!$C$9:$C$18896,Verbrauch!$A$9:$A$18896,">="&A10,Verbrauch!$A$9:$A$18896,"<"&B10) -> 0 | D10: =SUMIFS(Verbrauch!$C$9:$C$18896,Verbrauch!$A$9:$A$18896,">="&A10,Verbrauch!$A$9:$A$18896,"<"&B10,Verbrauch!$F$9:$F$18896,"Go") -> 0 | E10: =SUMIFS(Verbrauch!$C$9:$C$18896,Verbrauch!$A$9:$A$18896,">="&A10,Verbrauch!$A$9:$A$18896,"<"&B10,Verbrauch!$F$9:$F$18896,"Standard") -> 0 | F10: =SUMIFS(Verbrauch!$E$9:$E$18896,Verbrauch!$A$9:$A$18896,">="&A10,Verbrauch!$A$9:$A$18896,"<"&B10) -> 0 | G10: =IFERROR(F10/C10*100,"") | H10: =COUNTIFS(Verbrauch!$A$9:$A$18896,">="&A10,Verbrauch!$A$9:$A$18896,"<"&B10,Verbrauch!$C$9:$C$18896,"<>") -> 0
A11: 45972 | B11: 45973 | C11: =SUMIFS(Verbrauch!$C$9:$C$18896,Verbrauch!$A$9:$A$18896,">="&A11,Verbrauch!$A$9:$A$18896,"<"&B11) -> 0 | D11: =SUMIFS(Verbrauch!$C$9:$C$18896,Verbrauch!$A$9:$A$18896,">="&A11,Verbrauch!$A$9:$A$18896,"<"&B11,Verbrauch!$F$9:$F$18896,"Go") -> 0 | E11: =SUMIFS(Verbrauch!$C$9:$C$18896,Verbrauch!$A$9:$A$18896,">="&A11,Verbrauch!$A$9:$A$18896,"<"&B11,Verbrauch!$F$9:$F$18896,"Standard") -> 0 | F11: =SUMIFS(Verbrauch!$E$9:$E$18896,Verbrauch!$A$9:$A$18896,">="&A11,Verbrauch!$A$9:$A$18896,"<"&B11) -> 0 | G11: =IFERROR(F11/C11*100,"") | H11: =COUNTIFS(Verbrauch!$A$9:$A$18896,">="&A11,Verbrauch!$A$9:$A$18896,"<"&B11,Verbrauch!$C$9:$C$18896,"<>") -> 0
A12: 45973 | B12: 45974 | C12: =SUMIFS(Verbrauch!$C$9:$C$18896,Verbrauch!$A$9:$A$18896,">="&A12,Verbrauch!$A$9:$A$18896,"<"&B12) -> 0 | D12: =SUMIFS(Verbrauch!$C$9:$C$18896,Verbrauch!$A$9:$A$18896,">="&A12,Verbrauch!$A$9:$A$18896,"<"&B12,Verbrauch!$F$9:$F$18896,"Go") -> 0 | E12: =SUMIFS(Verbrauch!$C$9:$C$18896,Verbrauch!$A$9:$A$18896,">="&A12,Verbrauch!$A$9:$A$18896,"<"&B12,Verbrauch!$F$9:$F$18896,"Standard") -> 0 | F12: =SUMIFS(Verbrauch!$E$9:$E$18896,Verbrauch!$A$9:$A$18896,">="&A12,Verbrauch!$A$9:$A$18896,"<"&B12) -> 0 | G12: =IFERROR(F12/C12*100,"") | H12: =COUNTIFS(Verbrauch!$A$9:$A$18896,">="&A12,Verbrauch!$A$9:$A$18896,"<"&B12,Verbrauch!$C$9:$C$18896,"<>") -> 0
A13: 45974 | B13: 45975 | C13: =SUMIFS(Verbrauch!$C$9:$C$18896,Verbrauch!$A$9:$A$18896,">="&A13,Verbrauch!$A$9:$A$18896,"<"&B13) -> 0 | D13: =SUMIFS(Verbrauch!$C$9:$C$18896,Verbrauch!$A$9:$A$18896,">="&A13,Verbrauch!$A$9:$A$18896,"<"&B13,Verbrauch!$F$9:$F$18896,"Go") -> 0 | E13: =SUMIFS(Verbrauch!$C$9:$C$18896,Verbrauch!$A$9:$A$18896,">="&A13,Verbrauch!$A$9:$A$18896,"<"&B13,Verbrauch!$F$9:$F$18896,"Standard") -> 0 | F13: =SUMIFS(Verbrauch!$E$9:$E$18896,Verbrauch!$A$9:$A$18896,">="&A13,Verbrauch!$A$9:$A$18896,"<"&B13) -> 0 | G13: =IFERROR(F13/C13*100,"") | H13: =COUNTIFS(Verbrauch!$A$9:$A$18896,">="&A13,Verbrauch!$A$9:$A$18896,"<"&B13,Verbrauch!$C$9:$C$18896,"<>") -> 0
A14: 45975 | B14: 45976 | C14: =SUMIFS(Verbrauch!$C$9:$C$18896,Verbrauch!$A$9:$A$18896,">="&A14,Verbrauch!$A$9:$A$18896,"<"&B14) -> 0 | D14: =SUMIFS(Verbrauch!$C$9:$C$18896,Verbrauch!$A$9:$A$18896,">="&A14,Verbrauch!$A$9:$A$18896,"<"&B14,Verbrauch!$F$9:$F$18896,"Go") -> 0 | E14: =SUMIFS(Verbrauch!$C$9:$C$18896,Verbrauch!$A$9:$A$18896,">="&A14,Verbrauch!$A$9:$A$18896,"<"&B14,Verbrauch!$F$9:$F$18896,"Standard") -> 0 | F14: =SUMIFS(Verbrauch!$E$9:$E$18896,Verbrauch!$A$9:$A$18896,">="&A14,Verbrauch!$A$9:$A$18896,"<"&B14) -> 0 | G14: =IFERROR(F14/C14*100,"") | H14: =COUNTIFS(Verbrauch!$A$9:$A$18896,">="&A14,Verbrauch!$A$9:$A$18896,"<"&B14,Verbrauch!$C$9:$C$18896,"<>") -> 0
A15: 45976 | B15: 45977 | C15: =SUMIFS(Verbrauch!$C$9:$C$18896,Verbrauch!$A$9:$A$18896,">="&A15,Verbrauch!$A$9:$A$18896,"<"&B15) -> 0 | D15: =SUMIFS(Verbrauch!$C$9:$C$18896,Verbrauch!$A$9:$A$18896,">="&A15,Verbrauch!$A$9:$A$18896,"<"&B15,Verbrauch!$F$9:$F$18896,"Go") -> 0 | E15: =SUMIFS(Verbrauch!$C$9:$C$18896,Verbrauch!$A$9:$A$18896,">="&A15,Verbrauch!$A$9:$A$18896,"<"&B15,Verbrauch!$F$9:$F$18896,"Standard") -> 0 | F15: =SUMIFS(Verbrauch!$E$9:$E$18896,Verbrauch!$A$9:$A$18896,">="&A15,Verbrauch!$A$9:$A$18896,"<"&B15) -> 0 | G15: =IFERROR(F15/C15*100,"") | H15: =COUNTIFS(Verbrauch!$A$9:$A$18896,">="&A15,Verbrauch!$A$9:$A$18896,"<"&B15,Verbrauch!$C$9:$C$18896,"<>") -> 0
A16: 45977 | B16: 45978 | C16: =SUMIFS(Verbrauch!$C$9:$C$18896,Verbrauch!$A$9:$A$18896,">="&A16,Verbrauch!$A$9:$A$18896,"<"&B16) -> 0 | D16: =SUMIFS(Verbrauch!$C$9:$C$18896,Verbrauch!$A$9:$A$18896,">="&A16,Verbrauch!$A$9:$A$18896,"<"&B16,Verbrauch!$F$9:$F$18896,"Go") -> 0 | E16: =SUMIFS(Verbrauch!$C$9:$C$18896,Verbrauch!$A$9:$A$18896,">="&A16,Verbrauch!$A$9:$A$18896,"<"&B16,Verbrauch!$F$9:$F$18896,"Standard") -> 0 | F16: =SUMIFS(Verbrauch!$E$9:$E$18896,Verbrauch!$A$9:$A$18896,">="&A16,Verbrauch!$A$9:$A$18896,"<"&B16) -> 0 | G16: =IFERROR(F16/C16*100,"") | H16: =COUNTIFS(Verbrauch!$A$9:$A$18896,">="&A16,Verbrauch!$A$9:$A$18896,"<"&B16,Verbrauch!$C$9:$C$18896,"<>") -> 0
... A791: 46752 | B791: 46753 | C791: =SUMIFS(Verbrauch!$C$9:$C$18896,Verbrauch!$A$9:$A$18896,">="&A791,Verbrauch!$A$9:$A$18896,"<"&B791) -> 0 | D791: =SUMIFS(Verbrauch!$C$9:$C$18896,Verbrauch!$A$9:$A$18896,">="&A791,Verbrauch!$A$9:$A$18896,"<"&B791,Verbrauch!$F$9:$F$18896,"Go") -> 0 | E791: =SUMIFS(Verbrauch!$C$9:$C$18896,Verbrauch!$A$9:$A$18896,">="&A791,Verbrauch!$A$9:$A$18896,"<"&B791,Verbrauch!$F$9:$F$18896,"Standard") -> 0 | F791: =SUMIFS(Verbrauch!$E$9:$E$18896,Verbrauch!$A$9:$A$18896,">="&A791,Verbrauch!$A$9:$A$18896,"<"&B791) -> 0 | G791: =IFERROR(F791/C791*100,"") | H791: =COUNTIFS(Verbrauch!$A$9:$A$18896,">="&A791,Verbrauch!$A$9:$A$18896,"<"&B791,Verbrauch!$C$9:$C$18896,"<>") -> 0

Sheet Wochenübersicht
A1: Wochenübersicht
A2: Automatische Wochenauswertung nach ISO-Wochen (Montag bis Sonntag). Die erste und letzte Woche können Teilwochen sein, weil die Vorlage am 05.11.2025 startet bzw. am 31.12.2027 endet.
A4: Wochenstart | B4: Nächste Woche | C4: ISO-Jahr | D4: ISO-Woche | E4: Verbrauch gesamt (kWh) | F4: davon Go (kWh) | G4: davon Standard (kWh) | H4: Kosten gesamt (€) | I4: Ø Preis (ct/kWh)
A5: 45964 | B5: 45971 | C5: 2025 | D5: 45 | E5: =SUMIFS(Verbrauch!$C$9:$C$18896,Verbrauch!$A$9:$A$18896,">="&A5,Verbrauch!$A$9:$A$18896,"<"&B5) -> 0 | F5: =SUMIFS(Verbrauch!$C$9:$C$18896,Verbrauch!$A$9:$A$18896,">="&A5,Verbrauch!$A$9:$A$18896,"<"&B5,Verbrauch!$F$9:$F$18896,"Go") -> 0 | G5: =SUMIFS(Verbrauch!$C$9:$C$18896,Verbrauch!$A$9:$A$18896,">="&A5,Verbrauch!$A$9:$A$18896,"<"&B5,Verbrauch!$F$9:$F$18896,"Standard") -> 0 | H5: =SUMIFS(Verbrauch!$E$9:$E$18896,Verbrauch!$A$9:$A$18896,">="&A5,Verbrauch!$A$9:$A$18896,"<"&B5) -> 0 | I5: =IFERROR(H5/E5*100,"")
A6: 45971 | B6: 45978 | C6: 2025 | D6: 46 | E6: =SUMIFS(Verbrauch!$C$9:$C$18896,Verbrauch!$A$9:$A$18896,">="&A6,Verbrauch!$A$9:$A$18896,"<"&B6) -> 0 | F6: =SUMIFS(Verbrauch!$C$9:$C$18896,Verbrauch!$A$9:$A$18896,">="&A6,Verbrauch!$A$9:$A$18896,"<"&B6,Verbrauch!$F$9:$F$18896,"Go") -> 0 | G6: =SUMIFS(Verbrauch!$C$9:$C$18896,Verbrauch!$A$9:$A$18896,">="&A6,Verbrauch!$A$9:$A$18896,"<"&B6,Verbrauch!$F$9:$F$18896,"Standard") -> 0 | H6: =SUMIFS(Verbrauch!$E$9:$E$18896,Verbrauch!$A$9:$A$18896,">="&A6,Verbrauch!$A$9:$A$18896,"<"&B6) -> 0 | I6: =IFERROR(H6/E6*100,"")
A7: 45978 | B7: 45985 | C7: 2025 | D7: 47 | E7: =SUMIFS(Verbrauch!$C$9:$C$18896,Verbrauch!$A$9:$A$18896,">="&A7,Verbrauch!$A$9:$A$18896,"<"&B7) -> 0 | F7: =SUMIFS(Verbrauch!$C$9:$C$18896,Verbrauch!$A$9:$A$18896,">="&A7,Verbrauch!$A$9:$A$18896,"<"&B7,Verbrauch!$F$9:$F$18896,"Go") -> 0 | G7: =SUMIFS(Verbrauch!$C$9:$C$18896,Verbrauch!$A$9:$A$18896,">="&A7,Verbrauch!$A$9:$A$18896,"<"&B7,Verbrauch!$F$9:$F$18896,"Standard") -> 0 | H7: =SUMIFS(Verbrauch!$E$9:$E$18896,Verbrauch!$A$9:$A$18896,">="&A7,Verbrauch!$A$9:$A$18896,"<"&B7) -> 0 | I7: =IFERROR(H7/E7*100,"")
A8: 45985 | B8: 45992 | C8: 2025 | D8: 48 | E8: =SUMIFS(Verbrauch!$C$9:$C$18896,Verbrauch!$A$9:$A$18896,">="&A8,Verbrauch!$A$9:$A$18896,"<"&B8) -> 0 | F8: =SUMIFS(Verbrauch!$C$9:$C$18896,Verbrauch!$A$9:$A$18896,">="&A8,Verbrauch!$A$9:$A$18896,"<"&B8,Verbrauch!$F$9:$F$18896,"Go") -> 0 | G8: =SUMIFS(Verbrauch!$C$9:$C$18896,Verbrauch!$A$9:$A$18896,">="&A8,Verbrauch!$A$9:$A$18896,"<"&B8,Verbrauch!$F$9:$F$18896,"Standard") -> 0 | H8: =SUMIFS(Verbrauch!$E$9:$E$18896,Verbrauch!$A$9:$A$18896,">="&A8,Verbrauch!$A$9:$A$18896,"<"&B8) -> 0 | I8: =IFERROR(H8/E8*100,"")
A9: 45992 | B9: 45999 | C9: 2025 | D9: 49 | E9: =SUMIFS(Verbrauch!$C$9:$C$18896,Verbrauch!$A$9:$A$18896,">="&A9,Verbrauch!$A$9:$A$18896,"<"&B9) -> 0 | F9: =SUMIFS(Verbrauch!$C$9:$C$18896,Verbrauch!$A$9:$A$18896,">="&A9,Verbrauch!$A$9:$A$18896,"<"&B9,Verbrauch!$F$9:$F$18896,"Go") -> 0 | G9: =SUMIFS(Verbrauch!$C$9:$C$18896,Verbrauch!$A$9:$A$18896,">="&A9,Verbrauch!$A$9:$A$18896,"<"&B9,Verbrauch!$F$9:$F$18896,"Standard") -> 0 | H9: =SUMIFS(Verbrauch!$E$9:$E$18896,Verbrauch!$A$9:$A$18896,">="&A9,Verbrauch!$A$9:$A$18896,"<"&B9) -> 0 | I9: =IFERROR(H9/E9*100,"")
A10: 45999 | B10: 46006 | C10: 2025 | D10: 50 | E10: =SUMIFS(Verbrauch!$C$9:$C$18896,Verbrauch!$A$9:$A$18896,">="&A10,Verbrauch!$A$9:$A$18896,"<"&B10) -> 0 | F10: =SUMIFS(Verbrauch!$C$9:$C$18896,Verbrauch!$A$9:$A$18896,">="&A10,Verbrauch!$A$9:$A$18896,"<"&B10,Verbrauch!$F$9:$F$18896,"Go") -> 0 | G10: =SUMIFS(Verbrauch!$C$9:$C$18896,Verbrauch!$A$9:$A$18896,">="&A10,Verbrauch!$A$9:$A$18896,"<"&B10,Verbrauch!$F$9:$F$18896,"Standard") -> 0 | H10: =SUMIFS(Verbrauch!$E$9:$E$18896,Verbrauch!$A$9:$A$18896,">="&A10,Verbrauch!$A$9:$A$18896,"<"&B10) -> 0 | I10: =IFERROR(H10/E10*100,"")
A11: 46006 | B11: 46013 | C11: 2025 | D11: 51 | E11: =SUMIFS(Verbrauch!$C$9:$C$18896,Verbrauch!$A$9:$A$18896,">="&A11,Verbrauch!$A$9:$A$18896,"<"&B11) -> 0 | F11: =SUMIFS(Verbrauch!$C$9:$C$18896,Verbrauch!$A$9:$A$18896,">="&A11,Verbrauch!$A$9:$A$18896,"<"&B11,Verbrauch!$F$9:$F$18896,"Go") -> 0 | G11: =SUMIFS(Verbrauch!$C$9:$C$18896,Verbrauch!$A$9:$A$18896,">="&A11,Verbrauch!$A$9:$A$18896,"<"&B11,Verbrauch!$F$9:$F$18896,"Standard") -> 0 | H11: =SUMIFS(Verbrauch!$E$9:$E$18896,Verbrauch!$A$9:$A$18896,">="&A11,Verbrauch!$A$9:$A$18896,"<"&B11) -> 0 | I11: =IFERROR(H11/E11*100,"")
A12: 46013 | B12: 46020 | C12: 2025 | D12: 52 | E12: =SUMIFS(Verbrauch!$C$9:$C$18896,Verbrauch!$A$9:$A$18896,">="&A12,Verbrauch!$A$9:$A$18896,"<"&B12) -> 0 | F12: =SUMIFS(Verbrauch!$C$9:$C$18896,Verbrauch!$A$9:$A$18896,">="&A12,Verbrauch!$A$9:$A$18896,"<"&B12,Verbrauch!$F$9:$F$18896,"Go") -> 0 | G12: =SUMIFS(Verbrauch!$C$9:$C$18896,Verbrauch!$A$9:$A$18896,">="&A12,Verbrauch!$A$9:$A$18896,"<"&B12,Verbrauch!$F$9:$F$18896,"Standard") -> 0 | H12: =SUMIFS(Verbrauch!$E$9:$E$18896,Verbrauch!$A$9:$A$18896,">="&A12,Verbrauch!$A$9:$A$18896,"<"&B12) -> 0 | I12: =IFERROR(H12/E12*100,"")
A13: 46020 | B13: 46027 | C13: 2026 | D13: 1 | E13: =SUMIFS(Verbrauch!$C$9:$C$18896,Verbrauch!$A$9:$A$18896,">="&A13,Verbrauch!$A$9:$A$18896,"<"&B13) -> 0 | F13: =SUMIFS(Verbrauch!$C$9:$C$18896,Verbrauch!$A$9:$A$18896,">="&A13,Verbrauch!$A$9:$A$18896,"<"&B13,Verbrauch!$F$9:$F$18896,"Go") -> 0 | G13: =SUMIFS(Verbrauch!$C$9:$C$18896,Verbrauch!$A$9:$A$18896,">="&A13,Verbrauch!$A$9:$A$18896,"<"&B13,Verbrauch!$F$9:$F$18896,"Standard") -> 0 | H13: =SUMIFS(Verbrauch!$E$9:$E$18896,Verbrauch!$A$9:$A$18896,">="&A13,Verbrauch!$A$9:$A$18896,"<"&B13) -> 0 | I13: =IFERROR(H13/E13*100,"")
A14: 46027 | B14: 46034 | C14: 2026 | D14: 2 | E14: =SUMIFS(Verbrauch!$C$9:$C$18896,Verbrauch!$A$9:$A$18896,">="&A14,Verbrauch!$A$9:$A$18896,"<"&B14) -> 0 | F14: =SUMIFS(Verbrauch!$C$9:$C$18896,Verbrauch!$A$9:$A$18896,">="&A14,Verbrauch!$A$9:$A$18896,"<"&B14,Verbrauch!$F$9:$F$18896,"Go") -> 0 | G14: =SUMIFS(Verbrauch!$C$9:$C$18896,Verbrauch!$A$9:$A$18896,">="&A14,Verbrauch!$A$9:$A$18896,"<"&B14,Verbrauch!$F$9:$F$18896,"Standard") -> 0 | H14: =SUMIFS(Verbrauch!$E$9:$E$18896,Verbrauch!$A$9:$A$18896,">="&A14,Verbrauch!$A$9:$A$18896,"<"&B14) -> 0 | I14: =IFERROR(H14/E14*100,"")
A15: 46034 | B15: 46041 | C15: 2026 | D15: 3 | E15: =SUMIFS(Verbrauch!$C$9:$C$18896,Verbrauch!$A$9:$A$18896,">="&A15,Verbrauch!$A$9:$A$18896,"<"&B15) -> 0 | F15: =SUMIFS(Verbrauch!$C$9:$C$18896,Verbrauch!$A$9:$A$18896,">="&A15,Verbrauch!$A$9:$A$18896,"<"&B15,Verbrauch!$F$9:$F$18896,"Go") -> 0 | G15: =SUMIFS(Verbrauch!$C$9:$C$18896,Verbrauch!$A$9:$A$18896,">="&A15,Verbrauch!$A$9:$A$18896,"<"&B15,Verbrauch!$F$9:$F$18896,"Standard") -> 0 | H15: =SUMIFS(Verbrauch!$E$9:$E$18896,Verbrauch!$A$9:$A$18896,">="&A15,Verbrauch!$A$9:$A$18896,"<"&B15) -> 0 | I15: =IFERROR(H15/E15*100,"")
A16: 46041 | B16: 46048 | C16: 2026 | D16: 4 | E16: =SUMIFS(Verbrauch!$C$9:$C$18896,Verbrauch!$A$9:$A$18896,">="&A16,Verbrauch!$A$9:$A$18896,"<"&B16) -> 0 | F16: =SUMIFS(Verbrauch!$C$9:$C$18896,Verbrauch!$A$9:$A$18896,">="&A16,Verbrauch!$A$9:$A$18896,"<"&B16,Verbrauch!$F$9:$F$18896,"Go") -> 0 | G16: =SUMIFS(Verbrauch!$C$9:$C$18896,Verbrauch!$A$9:$A$18896,">="&A16,Verbrauch!$A$9:$A$18896,"<"&B16,Verbrauch!$F$9:$F$18896,"Standard") -> 0 | H16: =SUMIFS(Verbrauch!$E$9:$E$18896,Verbrauch!$A$9:$A$18896,">="&A16,Verbrauch!$A$9:$A$18896,"<"&B16) -> 0 | I16: =IFERROR(H16/E16*100,"")
... A117: 46748 | B117: 46755 | C117: 2027 | D117: 52 | E117: =SUMIFS(Verbrauch!$C$9:$C$18896,Verbrauch!$A$9:$A$18896,">="&A117,Verbrauch!$A$9:$A$18896,"<"&B117) -> 0 | F117: =SUMIFS(Verbrauch!$C$9:$C$18896,Verbrauch!$A$9:$A$18896,">="&A117,Verbrauch!$A$9:$A$18896,"<"&B117,Verbrauch!$F$9:$F$18896,"Go") -> 0 | G117: =SUMIFS(Verbrauch!$C$9:$C$18896,Verbrauch!$A$9:$A$18896,">="&A117,Verbrauch!$A$9:$A$18896,"<"&B117,Verbrauch!$F$9:$F$18896,"Standard") -> 0 | H117: =SUMIFS(Verbrauch!$E$9:$E$18896,Verbrauch!$A$9:$A$18896,">="&A117,Verbrauch!$A$9:$A$18896,"<"&B117) -> 0 | I117: =IFERROR(H117/E117*100,"")

Sheet Monatsübersicht
A1: Monatsübersicht | F1: Diese Übersicht aktualisiert sich automatisch, sobald du in der Tabelle "Verbrauch" deine stündlichen kWh einträgst. Monatskosten enthalten jetzt den Grundpreis von Einstellungen!B7.
A4: Monat | B4: Verbrauch (kWh) | C4: Kosten gesamt (€) | D4: Ø Preis gesamt (ct/kWh) | E4: Monatsstart nächster Monat
A5: 45962 | B5: =SUMIFS(Verbrauch!$C$9:$C$18896,Verbrauch!$A$9:$A$18896,">="&A5,Verbrauch!$A$9:$A$18896,"<"&E5) -> 0 | C5: =SUMIFS(Verbrauch!$E$9:$E$18896,Verbrauch!$A$9:$A$18896,">="&A5,Verbrauch!$A$9:$A$18896,"<"&E5)+IF(COUNTIFS(Verbrauch!$A$9:$A$18896,">="&A5,Verbrauch!$A$9:$A$18896,"<"&E5,Verbrauch!$C$9:$C$18896,"<>")>0,Einstellungen!$B$7,0) -> 0 | D5: =IFERROR(C5/B5*100,"") | E5: 45992
A6: 45992 | B6: =SUMIFS(Verbrauch!$C$9:$C$18896,Verbrauch!$A$9:$A$18896,">="&A6,Verbrauch!$A$9:$A$18896,"<"&E6) -> 0 | C6: =SUMIFS(Verbrauch!$E$9:$E$18896,Verbrauch!$A$9:$A$18896,">="&A6,Verbrauch!$A$9:$A$18896,"<"&E6)+IF(COUNTIFS(Verbrauch!$A$9:$A$18896,">="&A6,Verbrauch!$A$9:$A$18896,"<"&E6,Verbrauch!$C$9:$C$18896,"<>")>0,Einstellungen!$B$7,0) -> 0 | D6: =IFERROR(C6/B6*100,"") | E6: 46023
A7: 46023 | B7: =SUMIFS(Verbrauch!$C$9:$C$18896,Verbrauch!$A$9:$A$18896,">="&A7,Verbrauch!$A$9:$A$18896,"<"&E7) -> 0 | C7: =SUMIFS(Verbrauch!$E$9:$E$18896,Verbrauch!$A$9:$A$18896,">="&A7,Verbrauch!$A$9:$A$18896,"<"&E7)+IF(COUNTIFS(Verbrauch!$A$9:$A$18896,">="&A7,Verbrauch!$A$9:$A$18896,"<"&E7,Verbrauch!$C$9:$C$18896,"<>")>0,Einstellungen!$B$7,0) -> 0 | D7: =IFERROR(C7/B7*100,"") | E7: 46054
A8: 46054 | B8: =SUMIFS(Verbrauch!$C$9:$C$18896,Verbrauch!$A$9:$A$18896,">="&A8,Verbrauch!$A$9:$A$18896,"<"&E8) -> 0 | C8: =SUMIFS(Verbrauch!$E$9:$E$18896,Verbrauch!$A$9:$A$18896,">="&A8,Verbrauch!$A$9:$A$18896,"<"&E8)+IF(COUNTIFS(Verbrauch!$A$9:$A$18896,">="&A8,Verbrauch!$A$9:$A$18896,"<"&E8,Verbrauch!$C$9:$C$18896,"<>")>0,Einstellungen!$B$7,0) -> 0 | D8: =IFERROR(C8/B8*100,"") | E8: 46082
A9: 46082 | B9: =SUMIFS(Verbrauch!$C$9:$C$18896,Verbrauch!$A$9:$A$18896,">="&A9,Verbrauch!$A$9:$A$18896,"<"&E9) -> 0 | C9: =SUMIFS(Verbrauch!$E$9:$E$18896,Verbrauch!$A$9:$A$18896,">="&A9,Verbrauch!$A$9:$A$18896,"<"&E9)+IF(COUNTIFS(Verbrauch!$A$9:$A$18896,">="&A9,Verbrauch!$A$9:$A$18896,"<"&E9,Verbrauch!$C$9:$C$18896,"<>")>0,Einstellungen!$B$7,0) -> 0 | D9: =IFERROR(C9/B9*100,"") | E9: 46113
A10: 46113 | B10: =SUMIFS(Verbrauch!$C$9:$C$18896,Verbrauch!$A$9:$A$18896,">="&A10,Verbrauch!$A$9:$A$18896,"<"&E10) -> 0 | C10: =SUMIFS(Verbrauch!$E$9:$E$18896,Verbrauch!$A$9:$A$18896,">="&A10,Verbrauch!$A$9:$A$18896,"<"&E10)+IF(COUNTIFS(Verbrauch!$A$9:$A$18896,">="&A10,Verbrauch!$A$9:$A$18896,"<"&E10,Verbrauch!$C$9:$C$18896,"<>")>0,Einstellungen!$B$7,0) -> 0 | D10: =IFERROR(C10/B10*100,"") | E10: 46143
A11: 46143 | B11: =SUMIFS(Verbrauch!$C$9:$C$18896,Verbrauch!$A$9:$A$18896,">="&A11,Verbrauch!$A$9:$A$18896,"<"&E11) -> 0 | C11: =SUMIFS(Verbrauch!$E$9:$E$18896,Verbrauch!$A$9:$A$18896,">="&A11,Verbrauch!$A$9:$A$18896,"<"&E11)+IF(COUNTIFS(Verbrauch!$A$9:$A$18896,">="&A11,Verbrauch!$A$9:$A$18896,"<"&E11,Verbrauch!$C$9:$C$18896,"<>")>0,Einstellungen!$B$7,0) -> 0 | D11: =IFERROR(C11/B11*100,"") | E11: 46174
A12: 46174 | B12: =SUMIFS(Verbrauch!$C$9:$C$18896,Verbrauch!$A$9:$A$18896,">="&A12,Verbrauch!$A$9:$A$18896,"<"&E12) -> 0 | C12: =SUMIFS(Verbrauch!$E$9:$E$18896,Verbrauch!$A$9:$A$18896,">="&A12,Verbrauch!$A$9:$A$18896,"<"&E12)+IF(COUNTIFS(Verbrauch!$A$9:$A$18896,">="&A12,Verbrauch!$A$9:$A$18896,"<"&E12,Verbrauch!$C$9:$C$18896,"<>")>0,Einstellungen!$B$7,0) -> 0 | D12: =IFERROR(C12/B12*100,"") | E12: 46204
A13: 46204 | B13: =SUMIFS(Verbrauch!$C$9:$C$18896,Verbrauch!$A$9:$A$18896,">="&A13,Verbrauch!$A$9:$A$18896,"<"&E13) -> 0 | C13: =SUMIFS(Verbrauch!$E$9:$E$18896,Verbrauch!$A$9:$A$18896,">="&A13,Verbrauch!$A$9:$A$18896,"<"&E13)+IF(COUNTIFS(Verbrauch!$A$9:$A$18896,">="&A13,Verbrauch!$A$9:$A$18896,"<"&E13,Verbrauch!$C$9:$C$18896,"<>")>0,Einstellungen!$B$7,0) -> 0 | D13: =IFERROR(C13/B13*100,"") | E13: 46235
A14: 46235 | B14: =SUMIFS(Verbrauch!$C$9:$C$18896,Verbrauch!$A$9:$A$18896,">="&A14,Verbrauch!$A$9:$A$18896,"<"&E14) -> 0 | C14: =SUMIFS(Verbrauch!$E$9:$E$18896,Verbrauch!$A$9:$A$18896,">="&A14,Verbrauch!$A$9:$A$18896,"<"&E14)+IF(COUNTIFS(Verbrauch!$A$9:$A$18896,">="&A14,Verbrauch!$A$9:$A$18896,"<"&E14,Verbrauch!$C$9:$C$18896,"<>")>0,Einstellungen!$B$7,0) -> 0 | D14: =IFERROR(C14/B14*100,"") | E14: 46266
A15: 46266 | B15: =SUMIFS(Verbrauch!$C$9:$C$18896,Verbrauch!$A$9:$A$18896,">="&A15,Verbrauch!$A$9:$A$18896,"<"&E15) -> 0 | C15: =SUMIFS(Verbrauch!$E$9:$E$18896,Verbrauch!$A$9:$A$18896,">="&A15,Verbrauch!$A$9:$A$18896,"<"&E15)+IF(COUNTIFS(Verbrauch!$A$9:$A$18896,">="&A15,Verbrauch!$A$9:$A$18896,"<"&E15,Verbrauch!$C$9:$C$18896,"<>")>0,Einstellungen!$B$7,0) -> 0 | D15: =IFERROR(C15/B15*100,"") | E15: 46296
A16: 46296 | B16: =SUMIFS(Verbrauch!$C$9:$C$18896,Verbrauch!$A$9:$A$18896,">="&A16,Verbrauch!$A$9:$A$18896,"<"&E16) -> 0 | C16: =SUMIFS(Verbrauch!$E$9:$E$18896,Verbrauch!$A$9:$A$18896,">="&A16,Verbrauch!$A$9:$A$18896,"<"&E16)+IF(COUNTIFS(Verbrauch!$A$9:$A$18896,">="&A16,Verbrauch!$A$9:$A$18896,"<"&E16,Verbrauch!$C$9:$C$18896,"<>")>0,Einstellungen!$B$7,0) -> 0 | D16: =IFERROR(C16/B16*100,"") | E16: 46327
... A30: 46722 | B30: =SUMIFS(Verbrauch!$C$9:$C$18896,Verbrauch!$A$9:$A$18896,">="&A30,Verbrauch!$A$9:$A$18896,"<"&E30) -> 0 | C30: =SUMIFS(Verbrauch!$E$9:$E$18896,Verbrauch!$A$9:$A$18896,">="&A30,Verbrauch!$A$9:$A$18896,"<"&E30)+IF(COUNTIFS(Verbrauch!$A$9:$A$18896,">="&A30,Verbrauch!$A$9:$A$18896,"<"&E30,Verbrauch!$C$9:$C$18896,"<>")>0,Einstellungen!$B$7,0) -> 0 | D30: =IFERROR(C30/B30*100,"") | E30: 46753

Sheet Jahresübersicht
A1: Jahresübersicht
A2: Automatische Jahresauswertung auf Basis der stündlichen Eingaben im Blatt "Verbrauch". Jahre ohne eingetragene Verbräuche bleiben mit 0 kWh und 0,00 € sichtbar.
A4: Jahr | B4: Jahresstart | C4: Nächstes Jahr | D4: Verbrauch gesamt (kWh) | E4: davon Go (kWh) | F4: davon Standard (kWh) | G4: Kosten gesamt inkl. Grundpreis (€) | H4: Ø Preis gesamt (ct/kWh) | I4: Erfasste Stunden
A5: 2025 | B5: 45658 | C5: 46023 | D5: =SUMIFS(Verbrauch!$C$9:$C$18896,Verbrauch!$A$9:$A$18896,">="&B5,Verbrauch!$A$9:$A$18896,"<"&C5) -> 0 | E5: =SUMIFS(Verbrauch!$C$9:$C$18896,Verbrauch!$A$9:$A$18896,">="&B5,Verbrauch!$A$9:$A$18896,"<"&C5,Verbrauch!$F$9:$F$18896,"Go") -> 0 | F5: =SUMIFS(Verbrauch!$C$9:$C$18896,Verbrauch!$A$9:$A$18896,">="&B5,Verbrauch!$A$9:$A$18896,"<"&C5,Verbrauch!$F$9:$F$18896,"Standard") -> 0 | G5: =SUMIFS(Monatsübersicht!$C$5:$C$30,Monatsübersicht!$A$5:$A$30,">="&B5,Monatsübersicht!$A$5:$A$30,"<"&C5) -> 0 | H5: =IFERROR(G5/D5*100,"") | I5: =COUNTIFS(Verbrauch!$A$9:$A$18896,">="&B5,Verbrauch!$A$9:$A$18896,"<"&C5,Verbrauch!$C$9:$C$18896,"<>") -> 0
A6: 2026 | B6: 46023 | C6: 46388 | D6: =SUMIFS(Verbrauch!$C$9:$C$18896,Verbrauch!$A$9:$A$18896,">="&B6,Verbrauch!$A$9:$A$18896,"<"&C6) -> 0 | E6: =SUMIFS(Verbrauch!$C$9:$C$18896,Verbrauch!$A$9:$A$18896,">="&B6,Verbrauch!$A$9:$A$18896,"<"&C6,Verbrauch!$F$9:$F$18896,"Go") -> 0 | F6: =SUMIFS(Verbrauch!$C$9:$C$18896,Verbrauch!$A$9:$A$18896,">="&B6,Verbrauch!$A$9:$A$18896,"<"&C6,Verbrauch!$F$9:$F$18896,"Standard") -> 0 | G6: =SUMIFS(Monatsübersicht!$C$5:$C$30,Monatsübersicht!$A$5:$A$30,">="&B6,Monatsübersicht!$A$5:$A$30,"<"&C6) -> 0 | H6: =IFERROR(G6/D6*100,"") | I6: =COUNTIFS(Verbrauch!$A$9:$A$18896,">="&B6,Verbrauch!$A$9:$A$18896,"<"&C6,Verbrauch!$C$9:$C$18896,"<>") -> 0
A7: 2027 | B7: 46388 | C7: 46753 | D7: =SUMIFS(Verbrauch!$C$9:$C$18896,Verbrauch!$A$9:$A$18896,">="&B7,Verbrauch!$A$9:$A$18896,"<"&C7) -> 0 | E7: =SUMIFS(Verbrauch!$C$9:$C$18896,Verbrauch!$A$9:$A$18896,">="&B7,Verbrauch!$A$9:$A$18896,"<"&C7,Verbrauch!$F$9:$F$18896,"Go") -> 0 | F7: =SUMIFS(Verbrauch!$C$9:$C$18896,Verbrauch!$A$9:$A$18896,">="&B7,Verbrauch!$A$9:$A$18896,"<"&C7,Verbrauch!$F$9:$F$18896,"Standard") -> 0 | G7: =SUMIFS(Monatsübersicht!$C$5:$C$30,Monatsübersicht!$A$5:$A$30,">="&B7,Monatsübersicht!$A$5:$A$30,"<"&C7) -> 0 | H7: =IFERROR(G7/D7*100,"") | I7: =COUNTIFS(Verbrauch!$A$9:$A$18896,">="&B7,Verbrauch!$A$9:$A$18896,"<"&C7,Verbrauch!$C$9:$C$18896,"<>") -> 0

Sheet Diagramme
A1: Diagramme
A2: Die Diagramme basieren auf den automatisch berechneten Übersichten. Nach dem Eintragen deiner stündlichen kWh im Blatt "Verbrauch" aktualisieren sich die Diagramme beim Öffnen in Excel.
K8: Tarifanteile
K9: Tariftyp | L9: Verbrauch (kWh)
K10: Go | L10: =SUMIFS(Verbrauch!$C$9:$C$18896,Verbrauch!$F$9:$F$18896,K10) -> 0
A11: Diagramme aktualisieren sich beim Öffnen der Datei in Excel automatisch mit den eingetragenen Stundenwerten. | K11: Standard | L11: =SUMIFS(Verbrauch!$C$9:$C$18896,Verbrauch!$F$9:$F$18896,K11) -> 0
